id,brand,name,line,desc,price,currency,cat,badge,rating,img
1,Maxylook,Hydrating Shampoo 1000 ml,MACADAMIA,Professional maxylook product,13688.2746,PKR,Shampoo,best,5,https://www.maxylook.it/612-home_default/hydrating-shampoo-1000-ml.jpg
2,Maxylook,Hydrating Shampoo 300 ml,MACADAMIA,Professional maxylook product,7036.029,PKR,Shampoo,best,5,https://www.maxylook.it/711-home_default/hydrating-shampoo-300-ml.jpg
3,Maxylook,Nourishing Shampoo 1000 ml,PROTEIN,Professional maxylook product,12266.8546,PKR,Shampoo,,5,https://www.maxylook.it/693-home_default/nourishing-shampoo-1000-ml.jpg
4,Maxylook,No Yellow Shampoo 300ml,VIOLET PIGMENT,Professional maxylook product,7931.5236,PKR,Shampoo,,5,https://www.maxylook.it/722-home_default/no-yellow-shampoo-300ml.jpg
5,Maxylook,No Yellow Shampoo 1000ml,VIOLET PIGMENT,Professional maxylook product,14853.839,PKR,Shampoo,,5,https://www.maxylook.it/595-home_default/no-yellow-shampoo-1000ml.jpg
6,Maxylook,Restructuring and Nourishing Shampoo 250 ml,PROTEINS & MINERALS OF EGG,Professional maxylook product,13688.2746,PKR,Shampoo,,5,https://www.maxylook.it/759-home_default/restructuring-nourishing-shampoo-250-ml.jpg
7,Maxylook,Restructuring and Nourishing Shampoo 1000 ml,PROTEINS & MINERALS OF EGG,Professional maxylook product,12266.8546,PKR,Shampoo,,5,https://www.maxylook.it/730-home_default/restructuring-nourishing-shampoo-1000-ml.jpg
8,Maxylook,Shampoo Moisture Repair 500 ml,ARGANWAY,Professional maxylook product,20752.732,PKR,Shampoo,,5,https://www.maxylook.it/134-home_default/shampoo-moisture-repair-500-ml.jpg
9,Maxylook,Protecting Shampoo 1000ml,COLLAGEN,Professional maxylook product,13688.2746,PKR,Shampoo,,5,https://www.maxylook.it/536-home_default/protecting-shampoo-1000ml.jpg
10,Maxylook,Protecting Shampoo 300 ml,COLLAGEN,Professional maxylook product,7036.029,PKR,Shampoo,,5,https://www.maxylook.it/707-home_default/protecting-shampoo-300-ml.jpg
11,Maxylook,Revitalizing Shampoo 300 ml,FRESH MINT,Professional maxylook product,7462.454999999999,PKR,Shampoo,,5,https://www.maxylook.it/716-home_default/revitalizing-shampoo-300-ml.jpg
12,Maxylook,Revitalizing Shampoo 1000 ml,FRESH MINT,Professional maxylook product,14143.128999999999,PKR,Shampoo,,5,https://www.maxylook.it/544-home_default/revitalizing-shampoo-1000-ml.jpg
13,Maxylook,Nourishing Shampoo 300 ml,PROTEIN,Professional maxylook product,7391.384,PKR,Shampoo,,5,https://www.maxylook.it/706-home_default/nourishing-shampoo-300-ml.jpg
14,Maxylook,Hydrating Mask 300ml,MACADAMIA,Professional maxylook product,7931.5236,PKR,Mask,,5,https://www.maxylook.it/590-home_default/hydrating-mask-300ml.jpg
15,Maxylook,Nourishing Mask 1000 ml,PROTEIN,Professional maxylook product,28001.974,PKR,Mask,,5,https://www.maxylook.it/710-home_default/nourishing-mask-1000-ml.jpg
16,Maxylook,Nourishing Mask 300 ml,PROTEIN,Professional maxylook product,7931.5236,PKR,Mask,,5,https://www.maxylook.it/694-home_default/nourishing-mask-300-ml.jpg
17,Maxylook,No Yellow Mask 300ml,VIOLET PIGMENT,Professional maxylook product,11300.288999999999,PKR,Mask,,5,https://www.maxylook.it/597-home_default/no-yellow-mask-300ml.jpg
18,Maxylook,Restructuring and Nourishing Mask 350 ml,PROTEINS & MINERALS OF EGG,Professional maxylook product,12906.4936,PKR,Mask,,5,https://www.maxylook.it/760-home_default/restructuring-nourishing-mask-350-ml.jpg
19,Maxylook,Intense Hydrating Mask 500 ml,ARGANWAY,Professional maxylook product,26296.269999999997,PKR,Mask,,5,https://www.maxylook.it/631-home_default/intense-hydrating-mask-500-ml.jpg
20,Maxylook,Protecting Mask 1000 ml,COLLAGEN,Professional maxylook product,13858.845,PKR,Mask,,5,https://www.maxylook.it/708-home_default/protecting-mask-1000-ml.jpg
21,Maxylook,Protecting Mask 300 ml,COLLAGEN,Professional maxylook product,7931.5236,PKR,Mask,,5,https://www.maxylook.it/539-home_default/protecting-mask-300-ml.jpg
22,Maxylook,Revitalizing Mask 300 ml,FRESH MINT,Professional maxylook product,8812.804,PKR,Mask,,5,https://www.maxylook.it/717-home_default/revitalizing-mask-300-ml.jpg
23,Maxylook,Revitalizing Mask 1000 ml,FRESH MINT,Professional maxylook product,17412.394999999997,PKR,Mask,,5,https://www.maxylook.it/718-home_default/revitalizing-mask-1000-ml.jpg
24,Maxylook,Hydrating Mask 1000ml,MACADAMIA,Professional maxylook product,13858.845,PKR,Mask,,5,https://www.maxylook.it/712-home_default/hydrating-mask-1000ml.jpg
25,Maxylook,Multi Action 10 in 1 Leave in 200 ml,MACADAMIA,Professional maxylook product,11556.144600000001,PKR,Leave-in,,5,https://www.maxylook.it/755-home_default/multi-action-10-in-1-leave-in-200-ml.jpg
26,Maxylook,Nourishing Conditioner Leave-in,PROTEIN,Professional maxylook product,11556.144600000001,PKR,Leave-in,,5,https://www.maxylook.it/699-home_default/nourishing-conditioner-leave-in.jpg
27,Maxylook,Protecting Dual-phase Spray 300ml,COLLAGEN,Professional maxylook product,8812.804,PKR,Leave-in,,5,https://www.maxylook.it/750-home_default/protecting-dual-phase-spray-300ml.jpg
28,Maxylook,Restructuring and Nourishing Cream to Milk Formula 125ml,PROTEINS & MINERALS OF EGG,Professional maxylook product,12266.8546,PKR,Leave-in,,5,https://www.maxylook.it/702-home_default/restructuring-and-nourishing-cream-to-milk-formula-125ml.jpg
29,Maxylook,Hydrating Treatment Lotion 7ml x 12,MACADAMIA,Professional maxylook product,30134.104000000003,PKR,Treatment,,5,https://www.maxylook.it/754-home_default/hydrating-treatment-lotion-7ml-x-12.jpg
30,Maxylook,Hydrating Treatment Lotion 100ml,MACADAMIA,Professional maxylook product,17696.678999999996,PKR,Treatment,,5,https://www.maxylook.it/721-home_default/hydrating-treatment-lotion-100ml.jpg
31,Maxylook,Deep Restructuring A+B Lotion,PROTEINS & MINERALS OF EGG,Professional maxylook product,14398.9846,PKR,Treatment,,5,https://www.maxylook.it/728-home_default/ab-intense-restructuring-lotion.jpg
32,Maxylook,FILLER Reconstructing Fluid 100ml,N &bull; FACTOR,Professional maxylook product,9239.230000000001,PKR,Treatment,,5,https://www.maxylook.it/685-home_default/filler-reconstructing-fluid-100ml.jpg
33,Maxylook,EXTENDER Maintenance Cream 100ml,N &bull; FACTOR,Professional maxylook product,26296.269999999997,PKR,Treatment,,5,https://www.maxylook.it/686-home_default/extender-maintenance-cream-100ml.jpg
34,Maxylook,FORTIFIER Strengthening Cream For Wet Hair 250ml,N &bull; FACTOR,Professional maxylook product,7931.5236,PKR,Treatment,,5,https://www.maxylook.it/689-home_default/fortifier-strengthening-cream-for-wet-hair-100ml.jpg
35,Maxylook,N&bull;Factor Kit,N &bull; FACTOR,Professional maxylook product,55463.8084,PKR,Treatment,,5,https://www.maxylook.it/701-home_default/kit-nfactor-con-box.jpg
36,Maxylook,Revitalizing Treatment Lotion 7ml x 12,FRESH MINT,Professional maxylook product,30134.104000000003,PKR,Treatment,,5,https://www.maxylook.it/719-home_default/revitalizing-treatment-lotion-7ml-x-12.jpg
37,Maxylook,Revitalizing Treatment Lotion 100ml,FRESH MINT,Professional maxylook product,24803.779,PKR,Treatment,,5,https://www.maxylook.it/720-home_default/revitalizing-treatment-lotion-100ml.jpg
38,Maxylook,Hydrating Crystal Fluid (Hydrating Crystal) 100ml,MACADAMIA,Professional maxylook product,17696.678999999996,PKR,Styling-finish,,5,https://www.maxylook.it/714-home_default/hydrating-crystal-fluid-hydrating-crystal-100ml.jpg
39,Maxylook,Curl Control Cream 100 ml,MAXY STYLE,Professional maxylook product,20752.732,PKR,Styling-finish,,5,https://www.maxylook.it/726-home_default/curl-control-cream-100-ml.jpg
40,Maxylook,Extreme Mousse 250 ml,MAXY STYLE,Professional maxylook product,13261.848599999998,PKR,Styling-finish,,5,https://www.maxylook.it/752-home_default/extreme-mousse-250-ml.jpg
41,Maxylook,Extreme Liss Cream 100 ml,MAXY STYLE,Professional maxylook product,20752.732,PKR,Styling-finish,,5,https://www.maxylook.it/725-home_default/extreme-liss-cream-100-ml.jpg
42,Maxylook,Heat Protector Spray 150 ml,MAXY STYLE,Professional maxylook product,32522.089599999996,PKR,Styling-finish,,5,https://www.maxylook.it/724-home_default/heat-protector-spray-150-ml.jpg
43,Maxylook,Extreme Glossy Spray 115 ml,MAXY STYLE,Professional maxylook product,32522.089599999996,PKR,Styling-finish,,5,https://www.maxylook.it/723-home_default/extreme-glossy-spray-115-ml.jpg
44,Maxylook,Extreme Hair Spray 300 ml,MAXY STYLE,Professional maxylook product,20752.732,PKR,Styling-finish,,5,https://www.maxylook.it/753-home_default/extreme-hair-spray-300-ml.jpg
45,Maxylook,Instant Repair Leave-in Oil 100 ml,ARGANWAY,Professional maxylook product,7931.5236,PKR,Styling-finish,,5,https://www.maxylook.it/749-home_default/instant-repair-leave-in-oil-100-ml.jpg
46,Maxylook,Protective Shining Spray 125 ml,ARGANWAY,Professional maxylook product,32266.233999999997,PKR,Styling-finish,,5,https://www.maxylook.it/751-home_default/protective-shining-spray-125-ml.jpg
47,Maxylook,Direct Coloring Yellow,HARMONIC COLOR,Professional maxylook product,14853.839,PKR,P-colori-diretti,,5,https://www.maxylook.it/740-home_default/direct-coloring-yellow.jpg
48,Maxylook,Direct Coloring Turquoise,HARMONIC COLOR,Professional maxylook product,13261.848599999998,PKR,P-colori-diretti,,5,https://www.maxylook.it/738-home_default/direct-coloring-turquoise.jpg
49,Maxylook,Direct Coloring Red,HARMONIC COLOR,Professional maxylook product,7107.099999999999,PKR,P-colori-diretti,,5,https://www.maxylook.it/741-home_default/direct-coloring-red.jpg
50,Maxylook,Direct Coloring Plum,HARMONIC COLOR,Professional maxylook product,7107.099999999999,PKR,P-colori-diretti,,5,https://www.maxylook.it/737-home_default/direct-coloring-plum.jpg
51,Maxylook,Direct Coloring Pink,HARMONIC COLOR,Professional maxylook product,7107.099999999999,PKR,P-colori-diretti,,5,https://www.maxylook.it/736-home_default/direct-coloring-pink.jpg
52,Maxylook,Direct Coloring Pearl Grey,HARMONIC COLOR,Professional maxylook product,13261.848599999998,PKR,P-colori-diretti,,5,https://www.maxylook.it/742-home_default/direct-coloring-pearl-grey.jpg
53,Maxylook,Direct Coloring Orange,HARMONIC COLOR,Professional maxylook product,13261.848599999998,PKR,P-colori-diretti,,5,https://www.maxylook.it/739-home_default/direct-coloring-orange.jpg
54,Maxylook,Direct Coloring Green,HARMONIC COLOR,Professional maxylook product,7107.099999999999,PKR,P-colori-diretti,,5,https://www.maxylook.it/734-home_default/direct-coloring-green.jpg
55,Maxylook,Direct Coloring Ethereal White,HARMONIC COLOR,Professional maxylook product,7107.099999999999,PKR,P-colori-diretti,,5,https://www.maxylook.it/744-home_default/direct-coloring-ethereal-white.jpg
56,Maxylook,Direct Coloring Clear,HARMONIC COLOR,Professional maxylook product,7107.099999999999,PKR,P-colori-diretti,,5,https://www.maxylook.it/743-home_default/direct-coloring-clear.jpg
57,Maxylook,Direct Coloring Blue,HARMONIC COLOR,Professional maxylook product,7107.099999999999,PKR,P-colori-diretti,,5,https://www.maxylook.it/733-home_default/direct-coloring-acid-blue.jpg
58,Maxylook,Direct Coloring Acid Green,HARMONIC COLOR,Professional maxylook product,25727.702000000005,PKR,P-colori-diretti,,5,https://www.maxylook.it/735-home_default/direct-coloring-acid-green.jpg
59,Maxylook,Perfumed Oxidizing Emulsion Cream 10 volumi,Ossigeni,Professional maxylook product,11556.144600000001,PKR,P-colori-diretti,,5,https://www.maxylook.it/547-home_default/perfumed-oxidizing-emulsion-cream.jpg
60,Maxylook,Perfumed Oxidizing Emulsion Cream 20 volumi,Ossigeni,Professional maxylook product,7931.5236,PKR,P-colori-diretti,,5,https://www.maxylook.it/548-home_default/perfumed-oxidizing-emulsion-cream-20-volumi.jpg
61,Maxylook,Perfumed Oxidizing Emulsion Cream 30 volumi,Ossigeni,Professional maxylook product,7931.5236,PKR,P-colori-diretti,,5,https://www.maxylook.it/550-home_default/perfumed-oxidizing-emulsion-cream-30-volumi.jpg
62,Maxylook,Perfumed Oxidizing Emulsion Cream 40 volumi,Ossigeni,Professional maxylook product,7931.5236,PKR,P-colori-diretti,,5,https://www.maxylook.it/552-home_default/perfumed-oxidizing-emulsion-cream-40-volumi.jpg
63,Maxylook,6.34 Biondo Scuro Dorato Rame 100 ml,HARMONIC COLOR,Professional maxylook product,7931.5236,PKR,P-colori-diretti,,5,https://www.maxylook.it/340-home_default/n634-biondo-scuro-dorato-rame-100-ml.jpg
64,Maxylook,1 Nero 100 ml,HARMONIC COLOR,Professional maxylook product,6751.745,PKR,P-colori-diretti,,5,https://www.maxylook.it/201-home_default/n1-nero-100-ml.jpg
65,Maxylook,3 Castano Scuro 100 ml,HARMONIC COLOR,Professional maxylook product,21946.724799999996,PKR,P-colori-diretti,,5,https://www.maxylook.it/205-home_default/n3-castano-scuro-100-ml.jpg
66,Maxylook,4 Castano 100 ml,HARMONIC COLOR,Professional maxylook product,21946.724799999996,PKR,P-colori-diretti,,5,https://www.maxylook.it/207-home_default/n4-castano-100-ml.jpg
67,Maxylook,5 Castano Chiaro 100 ml,HARMONIC COLOR,Professional maxylook product,21946.724799999996,PKR,P-colori-diretti,,5,https://www.maxylook.it/211-home_default/n5-castano-chiaro-100-ml.jpg
68,Maxylook,6 Biondo Scuro 100 ml,HARMONIC COLOR,Professional maxylook product,21946.724799999996,PKR,P-colori-diretti,,5,https://www.maxylook.it/210-home_default/n6-biondo-scuro-100-ml.jpg
69,Maxylook,7 Biondo 100 ml,HARMONIC COLOR,Professional maxylook product,21946.724799999996,PKR,P-colori-diretti,,5,https://www.maxylook.it/213-home_default/n7-biondo-100-ml.jpg
70,Maxylook,8 Biondo Chiaro 100 ml,HARMONIC COLOR,Professional maxylook product,21946.724799999996,PKR,P-colori-diretti,,5,https://www.maxylook.it/216-home_default/n8-biondo-chiaro-100-ml.jpg
100,Genus,Repairing Treatment Leave-In,24/7,Professional Genus product from the 24/7 line.,19160.741599999998,PKR,Product,best,5,https://genushair.com/wp-content/uploads/2024/01/Genus_Perpetual_24-7-Ok.jpg
101,Genus,Hydrating Shampoo,Argan,Professional Genus product from the Argan line.,13688.2746,PKR,Product,best,5,https://genushair.com/wp-content/uploads/2023/12/ArganNo-BKG.png
102,Genus,Hydrating Mask,Argan,Professional Genus product from the Argan line.,7931.5236,PKR,Product,,5,https://genushair.com/wp-content/uploads/2023/12/Argan-copyNo-BKG.png
103,Genus,Multi-Action Leave-In Mask,Argan,Professional Genus product from the Argan line.,16872.2554,PKR,Product,new,5,https://genushair.com/wp-content/uploads/2023/12/Argan-copy-2.png
104,Genus,Moisturizing Serum,Argan,Professional Genus product from the Argan line.,17170.7536,PKR,Product,,5,https://genushair.com/wp-content/uploads/2023/12/Argan-copy-3No-BKG.png
105,Genus,Sebum Regulating Shampoo,Balance,Professional Genus product from the Balance line.,14853.839,PKR,Product,,5,https://genushair.com/wp-content/uploads/2023/12/BalanceNo-BKG.png
106,Genus,Energizing Shampoo,Energy,Professional Genus product from the Energy line.,7817.8099999999995,PKR,Product,new,5,https://genushair.com/wp-content/uploads/2023/12/EnergyNo-BKG.png
107,Genus,Reinforcing Clay Mask,Energy,Professional Genus product from the Energy line.,19828.809,PKR,Product,,5,https://genushair.com/wp-content/uploads/2023/12/Energy-copyNo-BKG.png
108,Genus,Energizing Lotion,Energy,Professional Genus product from the Energy line.,14398.9846,PKR,Product,,5,https://genushair.com/wp-content/uploads/2023/12/Energy-copy-2No-BKG.png
109,Genus,Energizing Lotion With Cren,Energy,Professional Genus product from the Energy line.,14398.9846,PKR,Product,new,5,https://genushair.com/wp-content/uploads/2023/12/Energy-copy-3No-BKG.png
110,Genus,Revitalizing Shampoo,Garlic,Professional Genus product from the Garlic line.,14143.128999999999,PKR,Product,,5,https://genushair.com/wp-content/uploads/2023/12/GarlicNo-BKG.png
111,Genus,Revitalizing Mask,Garlic,Professional Genus product from the Garlic line.,8812.804,PKR,Product,,5,https://genushair.com/wp-content/uploads/2023/12/Garlic-copyNo-BKG.png
112,Genus,Color Protection Shampoo,Hyaluronic,Professional Genus product from the Hyaluronic line.,7391.384,PKR,Product,new,5,https://genushair.com/wp-content/uploads/2023/12/HyaluronicNo-BKG.png
113,Genus,Color Protection Mask,Hyaluronic,Professional Genus product from the Hyaluronic line.,8457.448999999999,PKR,Product,,5,https://genushair.com/wp-content/uploads/2023/12/Hyaluronic-copyNo-BKG.png
114,Genus,Color Protection Conditioner,Hyaluronic,Professional Genus product from the Hyaluronic line.,7036.029,PKR,Product,,5,https://genushair.com/wp-content/uploads/2023/12/Hyaluronic-copy-2No-BKG.png
115,Genus,Color Sealing Cream,Hyaluronic,Professional Genus product from the Hyaluronic line.,12721.708999999999,PKR,Product,new,5,https://genushair.com/wp-content/uploads/2023/12/Hyaluronic-copy-3No-BKG.png
116,Genus,Intense Restoring Shampoo,Intense Restoring,Professional Genus product from the Intense Restoring line.,8997.5886,PKR,Product,,5,https://genushair.com/wp-content/uploads/2023/12/Intense-restoringNo-BKG.png
117,Genus,Intense Restoring Fluid Oil,Intense Restoring,Professional Genus product from the Intense Restoring line.,21790.368599999994,PKR,Product,,5,https://genushair.com/wp-content/uploads/2023/12/Intense-restoring-copyNo-BKG.png
118,Genus,Intense Restoring Mask,Intense Restoring,Professional Genus product from the Intense Restoring line.,13617.203599999999,PKR,Product,new,5,https://genushair.com/wp-content/uploads/2023/12/Intense-restoring-copy-2No-BKG.png
119,Genus,Intense Restoring Lotion,Intense Restoring,Professional Genus product from the Intense Restoring line.,28897.468599999997,PKR,Product,,5,https://genushair.com/wp-content/uploads/2023/12/Intense-restoring-copy-3No-BKG.png
120,Genus,Restructuring Shampoo,Keratin,Professional Genus product from the Keratin line.,7391.384,PKR,Product,,5,https://genushair.com/wp-content/uploads/2023/12/KeratinNo-BKG.png
121,Genus,Restructuring Mask,Keratin,Professional Genus product from the Keratin line.,8457.448999999999,PKR,Product,new,5,https://genushair.com/wp-content/uploads/2023/12/Keratin-copy-4No-BKG.png
122,Genus,Anti-Frizz Restructuring Cream,Keratin,Professional Genus product from the Keratin line.,10845.4346,PKR,Product,,5,https://genushair.com/wp-content/uploads/2023/12/Keratin-copy-5No-BKG.png
123,Genus,Restructuring Leave-In Lotion,Keratin,Professional Genus product from the Keratin line.,14398.9846,PKR,Product,,5,https://genushair.com/wp-content/uploads/2023/12/Keratin-copy-6No-BKG.png
124,Genus,Restructuring Treatment For Split Ends,Keratin,Professional Genus product from the Keratin line.,16275.258999999998,PKR,Product,new,5,https://genushair.com/wp-content/uploads/2023/12/Keratin-copy-7No-BKG.png
125,Genus,Supreme Filmer Treatment,Laminescent,Professional Genus product from the Laminescent line.,20440.0196,PKR,Product,,5,https://genushair.com/wp-content/uploads/2023/12/Filmer.jpg
126,Genus,Supreme Filmer Spray,Laminescent,Professional Genus product from the Laminescent line.,14569.554999999998,PKR,Product,,5,https://genushair.com/wp-content/uploads/2023/12/Spray.jpg
127,Genus,Nourishing Shampoo,Milk,Professional Genus product from the Milk line.,12266.8546,PKR,Product,new,5,https://genushair.com/wp-content/uploads/2023/12/MilkNo-BKG.png
128,Genus,Nourishing Mask,Milk,Professional Genus product from the Milk line.,11726.715,PKR,Product,,5,https://genushair.com/wp-content/uploads/2023/12/Milk-copyNo-BKG.png
129,Genus,Shampoo Ice Effect,Extra Silver,Professional Genus product from the Extra Silver line.,14143.128999999999,PKR,Product,,5,https://genushair.com/wp-content/uploads/2025/02/GenUs-Shampoo-ExtraSilver-due-formati.png
130,Genus,Maschera Ice Effect,Extra Silver,Professional Genus product from the Extra Silver line.,59813.353599999995,PKR,Product,new,5,https://genushair.com/wp-content/uploads/2025/02/genUS_Extra-Silver-Mask-300-ml-2.png
131,Genus,Mousse Ice Effect,Extra Silver,Professional Genus product from the Extra Silver line.,15038.623599999997,PKR,Product,,5,https://genushair.com/wp-content/uploads/2025/02/genUS_-Extra-Silver-mousse-200ml-1.png
132,Genus,Silky Cream Ice Effect,Extra Silver,Professional Genus product from the Extra Silver line.,15038.623599999997,PKR,Product,,5,https://genushair.com/wp-content/uploads/2025/02/genUS_Extra-Silver-Silky-Cream-150-ml-1.png
133,Genus,Extra Silver Treatment For Fine  Hair,Extra Silver,Professional Genus product from the Extra Silver line.,19160.741599999998,PKR,Product,new,5,https://genushair.com/wp-content/uploads/2025/02/genUS_Extra-Silver-Silky-Cream-150-ml-1.png
134,Genus,Extra Silver Treatment For Thick Hair,Extra Silver,Professional Genus product from the Extra Silver line.,19160.741599999998,PKR,Product,,5,https://genushair.com/wp-content/uploads/2025/02/genUS_Extra-Silver-Silky-Cream-150-ml-1.png
135,Genus,Purifying Shampoo,Purity,Professional Genus product from the Purity line.,7817.8099999999995,PKR,Product,,5,https://genushair.com/wp-content/uploads/2023/12/PurityNo-BKG.png
136,Genus,Shampoo Silver,Silver,Professional Genus product from the Silver line.,8286.8786,PKR,Product,new,5,https://genushair.com/wp-content/uploads/2023/12/Color-copy-3No-BKG.png
137,Genus,Curl Reactivating Spray,Seet Curls,Professional Genus product from the Seet Curls line.,13261.848599999998,PKR,Product,,5,https://genushair.com/wp-content/uploads/2026/05/genUS_Supreme-Curl-Reactivator-150-ml-2.png
138,Genus,Mongongo Oil,Seet Curls,Professional Genus product from the Seet Curls line.,19231.8126,PKR,Product,,5,https://genushair.com/wp-content/uploads/2026/05/Mongongo.jpg
139,Genus,Linseed Oil,Seet Curls,Professional Genus product from the Seet Curls line.,19231.8126,PKR,Product,new,5,https://genushair.com/wp-content/uploads/2026/05/Lino.jpg
140,Genus,Camelina Oil,Seet Curls,Professional Genus product from the Seet Curls line.,19231.8126,PKR,Product,,5,https://genushair.com/wp-content/uploads/2026/05/Camelina.jpg
141,Genus,Watch The Videoredefine Your Curls In A Single Gesture,Seet Curls,Professional Genus product from the Seet Curls line.,11556.144600000001,PKR,Product,,5,https://genushair.com/wp-content/uploads/2026/05/Camelina.jpg
200,Versum,Et 1024X593,Easy Color,Professional Versum product from the Easy Color line.,22.5,PKR,Product,best,5,https://www.versumhair.com/wp-content/uploads/2026/03/Et-1024x593.jpg
201,Versum,Easy Color,Easy Color,Professional Versum product from the Easy Color line.,6751.745,PKR,Product,best,5,https://www.versumhair.com/wp-content/uploads/2026/03/Easy-Color.png
202,Versum,Easy Oxy,Easy Color,Professional Versum product from the Easy Color line.,7931.5236,PKR,Product,,5,https://www.versumhair.com/wp-content/uploads/2026/03/Easy-Oxy.png
203,Versum,Easy Color Ammonia Free,Easy Color,Professional Versum product from the Easy Color line.,12266.8546,PKR,Product,,5,https://www.versumhair.com/wp-content/uploads/2026/03/Easy-Color-Ammonia-Free.png
204,Versum,Easy Oxy Compact,Easy Color,Professional Versum product from the Easy Color line.,22.5,PKR,Product,new,5,https://www.versumhair.com/wp-content/uploads/2026/03/Easy-Oxy-Compact.png
205,Versum,Easy Blonde 9 Tones,Easy Color,Professional Versum product from the Easy Color line.,36246.21,PKR,Product,,5,https://www.versumhair.com/wp-content/uploads/2026/03/Easy-Blonde-9-tones.png
206,Versum,Easy Blonde Blue Powder,Easy Color,Professional Versum product from the Easy Color line.,22.5,PKR,Product,,5,https://www.versumhair.com/wp-content/uploads/2026/03/Easy-Blonde-Blue-Powder.png
207,Versum,Easy Blond White Powder,Easy Color,Professional Versum product from the Easy Color line.,22.5,PKR,Product,,5,https://www.versumhair.com/wp-content/uploads/2026/03/Easy-Blond-White-Powder.png
208,Versum,Easy Blonde Violet,Easy Color,Professional Versum product from the Easy Color line.,14853.839,PKR,Product,new,5,https://www.versumhair.com/wp-content/uploads/2026/03/Easy-Blonde-Violet.png
209,Versum,Gt 1024X593,Gradient Tone,Professional Versum product from the Gradient Tone line.,22.5,PKR,Product,,5,https://www.versumhair.com/wp-content/uploads/2026/03/gt-1024x593.jpg
210,Versum,Gradient Tone Silver,Gradient Tone,Professional Versum product from the Gradient Tone line.,18592.173600000002,PKR,Product,,5,https://www.versumhair.com/wp-content/uploads/2026/03/Gradient-Tone-Silver.png
211,Versum,Gradient Tone Violet,Gradient Tone,Professional Versum product from the Gradient Tone line.,14853.839,PKR,Product,,5,https://www.versumhair.com/wp-content/uploads/2026/03/Gradient-Tone-Violet.png
212,Versum,Gradient Tone Red,Gradient Tone,Professional Versum product from the Gradient Tone line.,18592.173600000002,PKR,Product,new,5,https://www.versumhair.com/wp-content/uploads/2026/03/Gradient-Tone-Red.png
213,Versum,Gradient Tone Caramel,Gradient Tone,Professional Versum product from the Gradient Tone line.,13261.848599999998,PKR,Product,,5,https://www.versumhair.com/wp-content/uploads/2026/03/Gradient-Tone-Caramel.png
214,Versum,Gradient Tone Copper,Gradient Tone,Professional Versum product from the Gradient Tone line.,18592.173600000002,PKR,Product,,5,https://www.versumhair.com/wp-content/uploads/2026/03/Gradient-Tone-Copper.png
215,Versum,Gradient Tone Black,Gradient Tone,Professional Versum product from the Gradient Tone line.,18592.173600000002,PKR,Product,,5,https://www.versumhair.com/wp-content/uploads/2026/03/Gradient-Tone-Black.png
216,Versum,Gradient Tone Chocolate,Gradient Tone,Professional Versum product from the Gradient Tone line.,18592.173600000002,PKR,Product,new,5,https://www.versumhair.com/wp-content/uploads/2026/03/Gradient-Tone-Chocolate.png
217,Versum,Gradient Tone Beige,Gradient Tone,Professional Versum product from the Gradient Tone line.,18592.173600000002,PKR,Product,,5,https://www.versumhair.com/wp-content/uploads/2026/03/Gradient-Tone-Beige.png
218,Versum,Gradient Tone Gold,Gradient Tone,Professional Versum product from the Gradient Tone line.,18592.173600000002,PKR,Product,,5,https://www.versumhair.com/wp-content/uploads/2026/03/Gradient-Tone-Gold.png
219,Versum,Es 1024X593,Sun Shine,Professional Versum product from the Sun Shine line.,8528.519999999999,PKR,Product,,5,https://www.versumhair.com/wp-content/uploads/2026/03/Es-1024x593.jpg
220,Versum,Sun Shine Shampoo,Sun Shine,Professional Versum product from the Sun Shine line.,14143.128999999999,PKR,Product,new,5,https://www.versumhair.com/wp-content/uploads/2026/03/Sun-Shine-Shampoo.png
221,Versum,Sun Shine Mask,Sun Shine,Professional Versum product from the Sun Shine line.,13858.845,PKR,Product,,5,https://www.versumhair.com/wp-content/uploads/2026/03/Sun-Shine-Mask.png
222,Versum,Sun Shine Solar Oil,Sun Shine,Professional Versum product from the Sun Shine line.,19231.8126,PKR,Product,,5,https://www.versumhair.com/wp-content/uploads/2026/03/Sun-Shine-Solar-Oil.png
223,Versum,Ar 1024X593,Artis,Professional Versum product from the Artis line.,22.5,PKR,Product,,5,https://www.versumhair.com/wp-content/uploads/2026/03/Ar-1024x593.jpg
224,Versum,Artis Sculpting Spray,Artis,Professional Versum product from the Artis line.,8812.804,PKR,Product,new,5,https://www.versumhair.com/wp-content/uploads/2026/04/Artis-Sculpting-Spray.png
225,Versum,Artis Supreme Shine Spray,Artis,Professional Versum product from the Artis line.,32266.233999999997,PKR,Product,,5,https://www.versumhair.com/wp-content/uploads/2026/04/Artis-Supreme-Shine-Spray.png
226,Versum,Artis Weather Protector,Artis,Professional Versum product from the Artis line.,15038.623599999997,PKR,Product,,5,https://www.versumhair.com/wp-content/uploads/2026/04/Artis-Weather-Protector.png
227,Versum,Artis Thermal Shield Spray,Artis,Professional Versum product from the Artis line.,32266.233999999997,PKR,Product,,5,https://www.versumhair.com/wp-content/uploads/2026/04/Artis-Thermal-Shield-spray.png
228,Versum,Artis Quick Texturizer,Artis,Professional Versum product from the Artis line.,22.5,PKR,Product,new,5,https://www.versumhair.com/wp-content/uploads/2026/04/Artis-Quick-Texturizer.png
229,Versum,Artis Bright Wax,Artis,Professional Versum product from the Artis line.,21676.654999999995,PKR,Product,,5,https://www.versumhair.com/wp-content/uploads/2026/03/Artis-Bright-Wax.png
230,Versum,Artis Shaping Matt Pomade,Artis,Professional Versum product from the Artis line.,22.5,PKR,Product,,5,https://www.versumhair.com/wp-content/uploads/2026/03/Artis-Shaping-Matt-Pomade.png
231,Versum,Artis Gel,Artis,Professional Versum product from the Artis line.,10916.5056,PKR,Product,,5,https://www.versumhair.com/wp-content/uploads/2026/03/Artis-Gel.png
232,Versum,Artis Curls Definer,Artis,Professional Versum product from the Artis line.,16275.258999999998,PKR,Product,new,5,https://www.versumhair.com/wp-content/uploads/2026/03/Artis-Curls-Definer.png
233,Versum,Artis Strong Hold Mousse 1,Artis,Professional Versum product from the Artis line.,17170.7536,PKR,Product,,5,https://www.versumhair.com/wp-content/uploads/2026/03/Artis-Strong-Hold-Mousse-1.png
234,Versum,Artis Termal Protector,Artis,Professional Versum product from the Artis line.,15038.623599999997,PKR,Product,,5,https://www.versumhair.com/wp-content/uploads/2026/03/Artis-Termal-Protector.png
235,Versum,Artis Total Relaxer,Artis,Professional Versum product from the Artis line.,22.5,PKR,Product,,5,https://www.versumhair.com/wp-content/uploads/2026/03/Artis-Total-Relaxer.png
236,Versum,Artis Volume Booster,Artis,Professional Versum product from the Artis line.,8997.5886,PKR,Product,new,5,https://www.versumhair.com/wp-content/uploads/2026/03/Artis-Volume-Booster.png
237,Versum,Artis Mediterranean Oil,Artis,Professional Versum product from the Artis line.,19231.8126,PKR,Product,,5,https://www.versumhair.com/wp-content/uploads/2026/03/Artis-Mediterranean-Oil.png
238,Versum,Artis Crystal Drops,Artis,Professional Versum product from the Artis line.,24448.424,PKR,Product,,5,https://www.versumhair.com/wp-content/uploads/2026/03/Artis-Crystal-Drops.png
239,Versum,Artis Polishing Spray,Artis,Professional Versum product from the Artis line.,8812.804,PKR,Product,,5,https://www.versumhair.com/wp-content/uploads/2026/03/Artis-Polishing-Spray.png
240,Versum,Tk 1024X593,Trikology,Professional Versum product from the Trikology line.,22.5,PKR,Product,new,5,https://www.versumhair.com/wp-content/uploads/2026/03/tk-1024x593.jpg
241,Versum,Charcoal Detox Peeling,Trikology,Professional Versum product from the Trikology line.,22.5,PKR,Product,,5,https://www.versumhair.com/wp-content/uploads/2026/03/Charcoal-Detox-Peeling.png
242,Versum,Charcoal Detox Shampoo 1,Trikology,Professional Versum product from the Trikology line.,14853.839,PKR,Product,,5,https://www.versumhair.com/wp-content/uploads/2026/03/Charcoal-Detox-Shampoo-1.png
243,Versum,Charcoal Detox Mask,Trikology,Professional Versum product from the Trikology line.,11300.288999999999,PKR,Product,,5,https://www.versumhair.com/wp-content/uploads/2026/03/Charcoal-Detox-Mask.png
244,Versum,Trikology Reinforcing Shampoo,Trikology,Professional Versum product from the Trikology line.,26296.269999999997,PKR,Product,new,5,https://www.versumhair.com/wp-content/uploads/2026/03/Trikology_Reinforcing-Shampoo.png
245,Versum,Trikology Reinforcing Lotion,Trikology,Professional Versum product from the Trikology line.,36175.138999999996,PKR,Product,,5,https://www.versumhair.com/wp-content/uploads/2026/03/Trikology_Reinforcing-Lotion.png
246,Versum,Elmk 1024X593,Elements,Professional Versum product from the Elements line.,22.5,PKR,Product,,5,https://www.versumhair.com/wp-content/uploads/2026/03/Elmk-1024x593.jpg
247,Versum,Softening Shampoo,Elements,Professional Versum product from the Elements line.,24306.282,PKR,Product,,5,https://www.versumhair.com/wp-content/uploads/2026/03/Softening-Shampoo.png
248,Versum,Nourishing Mask,Elements,Professional Versum product from the Elements line.,11726.715,PKR,Product,new,5,https://www.versumhair.com/wp-content/uploads/2026/03/Nourishing-Mask.png
249,Versum,Repairing Mask,Elements,Professional Versum product from the Elements line.,16801.1844,PKR,Product,,5,https://www.versumhair.com/wp-content/uploads/2026/03/Repairing-Mask.png
250,Versum,Anti Frizz Mask,Elements,Professional Versum product from the Elements line.,12906.4936,PKR,Product,,5,https://www.versumhair.com/wp-content/uploads/2026/03/Anti-frizz-Mask.png
251,Versum,Softening Boost,Elements,Professional Versum product from the Elements line.,32522.089599999996,PKR,Product,,5,https://www.versumhair.com/wp-content/uploads/2026/03/Softening-Boost.png
252,Versum,Moisturizing Shampoo,Elements,Professional Versum product from the Elements line.,26225.199,PKR,Product,new,5,https://www.versumhair.com/wp-content/uploads/2026/03/Moisturizing-Shampoo.png
253,Versum,Moisturizing Mask,Elements,Professional Versum product from the Elements line.,28001.974,PKR,Product,,5,https://www.versumhair.com/wp-content/uploads/2026/03/Moisturizing-Mask.png
254,Versum,Age Defying Shampoo,Elements,Professional Versum product from the Elements line.,26225.199,PKR,Product,,5,https://www.versumhair.com/wp-content/uploads/2026/03/Age-Defying-Shampoo.png
255,Versum,Age Defying Mask,Elements,Professional Versum product from the Elements line.,12906.4936,PKR,Product,,5,https://www.versumhair.com/wp-content/uploads/2026/03/Age-Defying-Mask.png
256,Versum,Age Defying Lamellar Elixir,Elements,Professional Versum product from the Elements line.,25343.918599999997,PKR,Product,new,5,https://www.versumhair.com/wp-content/uploads/2026/03/Age-Defying-Lamellar-Elixir.png
257,Versum,Trifasico,Elements,Professional Versum product from the Elements line.,22.5,PKR,Product,,5,https://www.versumhair.com/wp-content/uploads/2026/03/Trifasico.png
258,Versum,Multi Action 15In1,Elements,Professional Versum product from the Elements line.,18052.033999999996,PKR,Product,,5,https://www.versumhair.com/wp-content/uploads/2026/03/Multi-action-15in1.png
259,Versum,Conditioning Leave In Cream,Elements,Professional Versum product from the Elements line.,14398.9846,PKR,Product,,5,https://www.versumhair.com/wp-content/uploads/2026/03/Conditioning-Leave-in-cream.png
260,Versum,Alchemist Shampoo,Alchemist,Professional Versum product from the Alchemist line.,14143.128999999999,PKR,Product,new,5,https://www.versumhair.com/wp-content/uploads/2026/01/Alchemist_shampoo.png
261,Versum,Treatment,Alchemist,Professional Versum product from the Alchemist line.,30134.104000000003,PKR,Product,,5,https://www.versumhair.com/wp-content/uploads/2026/01/Treatment.png
262,Versum,Reconstructing Finalizer,Alchemist,Professional Versum product from the Alchemist line.,54298.244000000006,PKR,Product,,5,https://www.versumhair.com/wp-content/uploads/2026/01/Reconstructing-Finalizer.png
263,Versum,Filler,Alchemist,Professional Versum product from the Alchemist line.,63366.90359999999,PKR,Product,,5,https://www.versumhair.com/wp-content/uploads/2026/01/Filler.png
264,Versum,Pink Foam,Alchemist,Professional Versum product from the Alchemist line.,7107.099999999999,PKR,Product,new,5,https://www.versumhair.com/wp-content/uploads/2026/01/Pink-Foam.png
265,Versum,B Tech,Alchemist,Professional Versum product from the Alchemist line.,42258.8166,PKR,Product,,5,https://www.versumhair.com/wp-content/uploads/2026/01/B-tech.png
266,Versum,Est 1024X593,Easy Tech,Professional Versum product from the Easy Tech line.,22.5,PKR,Product,,5,https://www.versumhair.com/wp-content/uploads/2026/03/Est-1024x593.jpg
267,Versum,Easy Tech Advance Extra Silver,Easy Tech,Professional Versum product from the Easy Tech line.,8286.8786,PKR,Product,,5,https://www.versumhair.com/wp-content/uploads/2026/03/Easy-Tech_Advance-Extra-Silver.png
268,Versum,Easy Tech Advance Performing Shampoo,Easy Tech,Professional Versum product from the Easy Tech line.,7036.029,PKR,Product,new,5,https://www.versumhair.com/wp-content/uploads/2026/03/Easy-Tech_Advance-Performing-Shampoo.png
269,Versum,Easy Tech Advance Performing Mask,Easy Tech,Professional Versum product from the Easy Tech line.,13858.845,PKR,Product,,5,https://www.versumhair.com/wp-content/uploads/2026/03/Easy-Tech_Advance-Performing-Mask.png
270,Versum,Easy Tech Advance Preparing Shampoo,Easy Tech,Professional Versum product from the Easy Tech line.,7036.029,PKR,Product,,5,https://www.versumhair.com/wp-content/uploads/2026/03/Easy-Tech_Advance-Preparing-Shampoo.png
271,Versum,Easy Tech Advance Maintaining Shampoo,Easy Tech,Professional Versum product from the Easy Tech line.,7036.029,PKR,Product,,5,https://www.versumhair.com/wp-content/uploads/2026/03/Easy-Tech_Advance-Maintaining-Shampoo.png
272,Versum,Easy Tech Advance Maintaining Mask,Easy Tech,Professional Versum product from the Easy Tech line.,13858.845,PKR,Product,new,5,https://www.versumhair.com/wp-content/uploads/2026/03/Easy-Tech_Advance-Maintaining-Mask.png
300,UNA,Drop Oxygenating Scalp Treatment - UNA stop loss,Rolland,Professional UNA Rolland USA product.,30134.104000000003,$,Product,best,5,https://cdn.shopify.com/s/files/1/0326/9541/9016/files/Oxygenating_Scalp_Treatment.png?v=1733155079
301,UNA,COMPENSATING SHAMPOO- UNA Stop Loss,Rolland,Professional UNA Rolland USA product.,7036.029,$,Product,best,5,https://cdn.shopify.com/s/files/1/0326/9541/9016/files/Una_Compensating_Shampoo_1000ml_copia.png?v=1733153687
302,UNA,"UNA Stop Loss Anti Hair Loss System Set: Defend and Restore for Stronger, Healthier Hair",Rolland,Professional UNA Rolland USA product.,13261.848599999998,$,Product,,5,https://cdn.shopify.com/s/files/1/0326/9541/9016/files/UNAStopLossAntiHairLossSystemSet_5f66f60c-0a11-493a-98e2-a9c2142089ed.png?v=1774009868
303,UNA,Moisturizing Hair Mask - UNA HYDRO-IN For Dry Hair,Rolland,Professional UNA Rolland USA product.,13858.845,$,Product,,5,https://cdn.shopify.com/s/files/1/0326/9541/9016/files/Moisturizing_HairMask_1000_ml.png?v=1733164422
304,UNA,Revitalizing Hair Conditioner - UNA Fortify Energizing,Rolland,Professional UNA Rolland USA product.,14143.128999999999,$,Product,,5,https://cdn.shopify.com/s/files/1/0326/9541/9016/files/Revitalizing_Hair_Conditioner_1000_ML.png?v=1733179232
305,UNA,Hydrating Shampoo -UNA  Hydro In For Dry Hair,Rolland,Professional UNA Rolland USA product.,13688.2746,$,Product,sale,5,https://cdn.shopify.com/s/files/1/0326/9541/9016/files/Una_Hydrating-Shampoo-1000ml.png?v=1733175169
306,UNA,DUAL-PHASE TREATMENT- UNA,Rolland,Professional UNA Rolland USA product.,25727.702000000005,$,Product,,5,https://cdn.shopify.com/s/files/1/0326/9541/9016/files/IMG_5279.jpg?v=1734646733
307,UNA,Vitamin Leave-in  Hair Treatment - UNA Post Chem,Rolland,Professional UNA Rolland USA product.,11556.144600000001,$,Product,,5,https://cdn.shopify.com/s/files/1/0326/9541/9016/files/Vitamin_Leave_in_Hair_Treatment.png?v=1733154282
308,UNA,Designing Oil Non Oil - UNA FINISH Styling,Rolland,Professional UNA Rolland USA product.,18904.886000000002,$,Product,,5,https://cdn.shopify.com/s/files/1/0326/9541/9016/files/Una_Designing-Oil-Non-Oil-250-ml.png?v=1733155428
309,UNA,Pure Gloss Polisher - UNA Fish Styling & Defining,Rolland,Professional UNA Rolland USA product.,18904.886000000002,$,Product,,5,https://cdn.shopify.com/s/files/1/0326/9541/9016/files/Pure_Gloss_Polisher.png?v=1733163160
310,UNA,lntensive Protein Hair Treatment - UNA FORTIFY - Energizing,Rolland,Professional UNA Rolland USA product.,30134.104000000003,$,Product,sale,5,https://cdn.shopify.com/s/files/1/0326/9541/9016/files/Una_Intensive-Protein-Treatment-250-ml.png?v=1733156194
311,UNA,Re-Build Theraphy Mask - UNA REPAIR,Rolland,Professional UNA Rolland USA product.,13858.845,$,Product,,5,https://cdn.shopify.com/s/files/1/0326/9541/9016/files/RE-BUILD_THERAPY_MASK_1000_ml.png?v=1733166458
312,UNA,GARLIC TREATMENT- UNA Hair Food,Rolland,Professional UNA Rolland USA product.,17170.7536,$,Product,,5,https://cdn.shopify.com/s/files/1/0326/9541/9016/products/UNAGARLICTREATMENT500ML.jpg?v=1677072467
313,UNA,FREEZING SPRAY- UNA  finish,Rolland,Professional UNA Rolland USA product.,25727.702000000005,$,Product,,5,https://cdn.shopify.com/s/files/1/0326/9541/9016/products/freezingspray.png?v=1680033667
314,UNA,COCONUT OIL HAIR MASK - UNA ETNIKA,Rolland,Professional UNA Rolland USA product.,13858.845,$,Product,,5,https://cdn.shopify.com/s/files/1/0326/9541/9016/files/Una_Coconut_Oil_Hair_Mask_1000_ml_copia.png?v=1733156495
315,UNA,Vials Restructurizing treatment - UNA FORTIFY I Energizing,Rolland,Professional UNA Rolland USA product.,30134.104000000003,$,Product,sale,5,https://cdn.shopify.com/s/files/1/0326/9541/9016/files/Una_Reconstructing_Hair_Treatment_12_ml_copia.png?v=1733164138
316,UNA,Daily Hydro Active Hair Conditioner - UNA  Daily Cure,Rolland,Professional UNA Rolland USA product.,13261.848599999998,$,Product,,5,https://cdn.shopify.com/s/files/1/0326/9541/9016/files/Una_Daily-Hair-Conditioner-1000ml.png?v=1733156849
317,UNA,Drop Restructurizing Hair Treatment - UNA FORTIFY Energizing,Rolland,Professional UNA Rolland USA product.,30134.104000000003,$,Product,,5,https://cdn.shopify.com/s/files/1/0326/9541/9016/files/Restrueturizing_Hair_Treatment.png?v=1733173990
318,UNA,VITAMINS HAIR TREATMENT- MOISTURIZING MASK- UNA hair food,Rolland,Professional UNA Rolland USA product.,13858.845,$,Product,,5,https://cdn.shopify.com/s/files/1/0326/9541/9016/products/1170665017_23029d5a-f104-44a2-9147-c76b415560e4.jpg?v=1673048844
319,UNA,Silker - UNA FINISH Styling & Defining,Rolland,Professional UNA Rolland USA product.,16744.327599999997,$,Product,,5,https://cdn.shopify.com/s/files/1/0326/9541/9016/files/Silker_FINISH_Styling_Defining.png?v=1733157417
320,UNA,OXYGENATING TREATMENT- UNA stop loss 12 vials,Rolland,Professional UNA Rolland USA product.,30134.104000000003,$,Product,sale,5,https://cdn.shopify.com/s/files/1/0326/9541/9016/files/OXYGENATING_TREATMENT_VIALS.png?v=1733174193
321,UNA,Energizing shampoo - UNA FORTIFY Energizing,Rolland,Professional UNA Rolland USA product.,13688.2746,$,Product,,5,https://cdn.shopify.com/s/files/1/0326/9541/9016/files/Una_Energizing-Shampoo-1000ml.png?v=1733163875
322,UNA,Hair Detangler - UNA Hydro In For Dry Hair,Rolland,Professional UNA Rolland USA product.,11556.144600000001,$,Product,,5,https://cdn.shopify.com/s/files/1/0326/9541/9016/files/Una_Hair-Detangler-250-ml.png?v=1733164741
323,UNA,SPRAY SHINE - UNA  finish,Rolland,Professional UNA Rolland USA product.,32266.233999999997,$,Product,,5,https://cdn.shopify.com/s/files/1/0326/9541/9016/products/UNA_FINISH_sprayshine_flac150ml.jpg?v=1680031224
324,UNA,ACID CONDITIONER 1000ML - UNA,Rolland,Professional UNA Rolland USA product.,15564.548999999997,$,Product,,5,https://cdn.shopify.com/s/files/1/0326/9541/9016/files/ACIDCONDITIONER1000ML-UNA.jpg?v=1706644251
325,UNA,JOJOBA OIL HAIR MASK- UNA Hair Food,Rolland,Professional UNA Rolland USA product.,13858.845,$,Product,sale,5,https://cdn.shopify.com/s/files/1/0326/9541/9016/products/IMG_0742.jpg?v=1679674430
326,UNA,PROTEIN HAIR TREATMENT NOURISHING MASK- UNA Hair Food,Rolland,Professional UNA Rolland USA product.,13858.845,$,Product,,5,https://cdn.shopify.com/s/files/1/0326/9541/9016/products/IMG_0745.jpg?v=1679674491
327,UNA,Neutralizing  Shampoo - UNA  Post Chem Chemieally Treated Hair,Rolland,Professional UNA Rolland USA product.,13688.2746,$,Product,,5,https://cdn.shopify.com/s/files/1/0326/9541/9016/files/NEUTRALIZING_SHAMPOO_1000_ml.png?v=1733163602
328,UNA,Acid Hair Conditioner - UNA  Post Chem Chemieally Treated Hair,Rolland,Professional UNA Rolland USA product.,7107.099999999999,$,Product,,5,https://cdn.shopify.com/s/files/1/0326/9541/9016/files/Una_Acid-Hair-Conditioner-1000-ml.png?v=1733180002
329,UNA,MOISTURIZING OIL HAIR TREATMENT- UNA Hydro,Rolland,Professional UNA Rolland USA product.,30134.104000000003,$,Product,,5,https://cdn.shopify.com/s/files/1/0326/9541/9016/products/MOISTURIZINGOILHAIRTREATMENT.jpg?v=1679672859
330,UNA,SESAME OIL HAIR MASK-UNA  Hair Food,Rolland,Professional UNA Rolland USA product.,13858.845,$,Product,sale,5,https://cdn.shopify.com/s/files/1/0326/9541/9016/products/SESAMEOILHAIRMASK1000ml.jpg?v=1679518360
331,UNA,DAILY GENTLE SHAMPOO- UNA Daily Cure,Rolland,Professional UNA Rolland USA product.,7036.029,$,Product,,5,https://cdn.shopify.com/s/files/1/0326/9541/9016/products/DailyGentleShampoo1000ml.jpg?v=1679349387
332,UNA,NORMALIZING TREATMENT- UNA Balancing,Rolland,Professional UNA Rolland USA product.,16744.327599999997,$,Product,,5,https://cdn.shopify.com/s/files/1/0326/9541/9016/products/NORMALIZINGTREATMENTBOX12.png?v=1679672435
333,UNA,Purifying Shampoo - UNA Pure Purifying,Rolland,Professional UNA Rolland USA product.,13688.2746,$,Product,,5,https://cdn.shopify.com/s/files/1/0326/9541/9016/files/Purifying_Shampoo_1000_ML.png?v=1733177011
334,UNA,UNA Balancing Kit for Oily Skin and Hair,Rolland,Professional UNA Rolland USA product.,81035.1542,$,Product,,5,https://cdn.shopify.com/s/files/1/0326/9541/9016/files/UNABalancingKitforOilySkinandHair.png?v=1706729212
335,UNA,UNA Restoration Radiance Kit: Transforming Damaged Tresses to Brilliance,Rolland,Professional UNA Rolland USA product.,81035.1542,$,Product,sale,5,https://cdn.shopify.com/s/files/1/0326/9541/9016/files/UNAFortifyingEnergizingSystemSetFortifyingEnergizingSystemSet.jpg?v=1721228316
336,UNA,UNA Hydro-In Dry and Frizzy Hair Set,Rolland,Professional UNA Rolland USA product.,11556.144600000001,$,Product,,5,https://cdn.shopify.com/s/files/1/0326/9541/9016/files/UNAHydro-InDryandFrizzyHairSet.png?v=1706729335
337,UNA,UNA Pre/Post Technical Services Set,Rolland,Professional UNA Rolland USA product.,16744.327599999997,$,Product,,5,https://cdn.shopify.com/s/files/1/0326/9541/9016/files/UNAPrePostTechnicalServicesSet.jpg?v=1721226046
338,UNA,UNA Daily Treatments Set,Rolland,Professional UNA Rolland USA product.,25727.702000000005,$,Product,,5,https://cdn.shopify.com/s/files/1/0326/9541/9016/files/UNADailyTreatmentsSet.jpg?v=1721223960
339,UNA,SCULPTING GLAZE- UNA styling,Rolland,Professional UNA Rolland USA product.,25727.702000000005,$,Product,,5,https://cdn.shopify.com/s/files/1/0326/9541/9016/products/SCULPTINGGLAZE250ml.jpg?v=1679519534